<?xml version="1.0" encoding="UTF-8"?>
<beans xmlns="http://www.springframework.org/schema/beans"
	xmlns:xsi="http://www.w3.org/2001/XMLSchema-instance"
	xmlns:context="http://www.springframework.org/schema/context"
	xsi:schemaLocation="http://www.springframework.org/schema/beans http://www.springframework.org/schema/beans/spring-beans.xsd
		http://www.springframework.org/schema/context http://www.springframework.org/schema/context/spring-context-4.1.xsd">
<bean id="sbu" class="com.capgemini.bean.SBU">
<property name="sbuName" value="Project Engineering Services"/>
<property name="sbuHead" value="Kiran Rao"/>
<property name="sbuId" value="PES-BU"/>
<property name="empList">
<list>
<ref bean="employee"/>
<ref bean="employee1"/>
</list>
</property>
</bean>
<bean id="employee" class="com.capgemini.bean.Employee">
<property name="employeeId" value="12345"/>
<property name="employeeName" value="Harriot"/>
<property name="salary" value="40000"/>
</bean>
<bean id="employee1" class="com.capgemini.bean.Employee">
<property name="employeeId" value="123456"/>
<property name="employeeName" value="Marriot"/>
<property name="salary" value="50000"/>
</bean>
<context:annotation-config/>
</beans>
